{"cameraMode":{"drawMode":0,"name":"Shaded","section":"Shading Mode"},"sceneLighting":true,"audioPlay":false,"sceneViewState":{"showFog":true,"showMaterialUpdate":false,"showSkybox":true,"showFlares":true,"showImageEffects":true,"showParticleSystems":true},"in2DMode":false,"pivot":{"x":78.11650848388672,"y":797.8584594726563,"z":879.8750610351563},"rotation":{"x":0.21522024273872376,"y":-0.00408164644613862,"z":-0.0010346879716962576,"w":-0.9766455888748169},"size":1099.4443359375,"orthographic":false}