{"cameraMode":{"drawMode":0,"name":"Shaded","section":"Shading Mode"},"sceneLighting":true,"audioPlay":false,"sceneViewState":{"showFog":true,"showMaterialUpdate":false,"showSkybox":true,"showFlares":true,"showImageEffects":true,"showParticleSystems":true},"in2DMode":false,"pivot":{"x":-388.3347473144531,"y":-327.1433410644531,"z":76.402099609375},"rotation":{"x":0.34176966547966006,"y":-0.41221529245376589,"z":0.17031192779541017,"w":0.8272151947021484},"size":781.5243530273438,"orthographic":false}