{"cameraMode":{"drawMode":0,"name":"Shaded","section":"Shading Mode"},"sceneLighting":true,"audioPlay":false,"sceneViewState":{"showFog":true,"showMaterialUpdate":false,"showSkybox":true,"showFlares":true,"showImageEffects":true,"showParticleSystems":true},"in2DMode":false,"pivot":{"x":-15.307021141052246,"y":-26.613725662231447,"z":46.05933380126953},"rotation":{"x":-0.3853461444377899,"y":0.126946359872818,"z":-0.053767163306474689,"w":-0.9125008583068848},"size":71.71324157714844,"orthographic":false}