{"cameraMode":{"drawMode":0,"name":"Shaded","section":"Shading Mode"},"sceneLighting":true,"audioPlay":false,"sceneViewState":{"showFog":true,"showMaterialUpdate":false,"showSkybox":true,"showFlares":true,"showImageEffects":true,"showParticleSystems":true},"in2DMode":false,"pivot":{"x":0.0,"y":7.550204277038574,"z":0.04146575927734375},"rotation":{"x":-0.022197013720870019,"y":0.009889434091746807,"z":-0.0003185720997862518,"w":-0.9997779130935669},"size":86.7730484008789,"orthographic":false}