{"cameraMode":{"drawMode":0,"name":"Shaded","section":"Shading Mode"},"sceneLighting":true,"audioPlay":false,"sceneViewState":{"showFog":true,"showMaterialUpdate":false,"showSkybox":true,"showFlares":true,"showImageEffects":true,"showParticleSystems":true},"in2DMode":false,"pivot":{"x":-147.9287872314453,"y":-85.21763610839844,"z":93.478515625},"rotation":{"x":0.24675382673740388,"y":-0.45375120639801028,"z":0.13234655559062959,"w":0.846003532409668},"size":1369.85498046875,"orthographic":false}