{"cameraMode":{"drawMode":0,"name":"Shaded","section":"Shading Mode"},"sceneLighting":true,"audioPlay":false,"sceneViewState":{"showFog":true,"showMaterialUpdate":false,"showSkybox":true,"showFlares":true,"showImageEffects":true,"showParticleSystems":true},"in2DMode":false,"pivot":{"x":15.576530456542969,"y":-709.097412109375,"z":679.6943359375},"rotation":{"x":-0.3926474452018738,"y":-0.014711634255945683,"z":0.006241938099265099,"w":-0.9197104573249817},"size":1018.2461547851563,"orthographic":false}