{"cameraMode":{"drawMode":0,"name":"Shaded","section":"Shading Mode"},"sceneLighting":false,"audioPlay":false,"sceneViewState":{"showFog":true,"showMaterialUpdate":false,"showSkybox":false,"showFlares":true,"showImageEffects":true,"showParticleSystems":true},"in2DMode":false,"pivot":{"x":-16.88692283630371,"y":-3.0845956802368166,"z":-21.828369140625},"rotation":{"x":0.01149899885058403,"y":-0.8361990451812744,"z":0.017530076205730439,"w":0.5480840802192688},"size":20.569215774536134,"orthographic":false}