{"cameraMode":{"drawMode":0,"name":"Shaded","section":"Shading Mode"},"sceneLighting":true,"audioPlay":false,"sceneViewState":{"showFog":true,"showMaterialUpdate":false,"showSkybox":true,"showFlares":true,"showImageEffects":true,"showParticleSystems":true},"in2DMode":false,"pivot":{"x":-17.84172248840332,"y":-11.471087455749512,"z":91.5820083618164},"rotation":{"x":-0.26771363615989687,"y":0.2101965993642807,"z":-0.05950407311320305,"w":-0.938561201095581},"size":61.60963821411133,"orthographic":false}