{"cameraMode":{"drawMode":0,"name":"Shaded","section":"Shading Mode"},"sceneLighting":false,"audioPlay":false,"sceneViewState":{"showFog":true,"showMaterialUpdate":false,"showSkybox":false,"showFlares":true,"showImageEffects":true,"showParticleSystems":true},"in2DMode":false,"pivot":{"x":2.470395565032959,"y":24.167179107666017,"z":15.091667175292969},"rotation":{"x":-0.4611572027206421,"y":0.4816046357154846,"z":-0.3327133059501648,"w":-0.6670711040496826},"size":0.6041518449783325,"orthographic":false}