{"cameraMode":{"drawMode":0,"name":"Shaded","section":"Shading Mode"},"sceneLighting":true,"audioPlay":false,"sceneViewState":{"showFog":true,"showMaterialUpdate":false,"showSkybox":true,"showFlares":true,"showImageEffects":true,"showParticleSystems":true},"in2DMode":false,"pivot":{"x":101.51998901367188,"y":271.77752685546877,"z":0.0},"rotation":{"x":0.08233588188886643,"y":-0.030491601675748826,"z":0.002526873955503106,"w":0.9961539506912231},"size":308.20623779296877,"orthographic":false}