{"cameraMode":{"drawMode":0,"name":"Shaded","section":"Shading Mode"},"sceneLighting":true,"audioPlay":false,"sceneViewState":{"showFog":true,"showMaterialUpdate":false,"showSkybox":true,"showFlares":true,"showImageEffects":true,"showParticleSystems":true},"in2DMode":false,"pivot":{"x":127.89022064208985,"y":-284.34820556640627,"z":308.52490234375},"rotation":{"x":0.355263888835907,"y":0.17330090701580048,"z":-0.06712115556001663,"w":0.9161666035652161},"size":464.4911804199219,"orthographic":false}