{"cameraMode":{"drawMode":0,"name":"Shaded","section":"Shading Mode"},"sceneLighting":true,"audioPlay":false,"sceneViewState":{"showFog":true,"showMaterialUpdate":false,"showSkybox":true,"showFlares":true,"showImageEffects":true,"showParticleSystems":true},"in2DMode":false,"pivot":{"x":3.86604642868042,"y":63.84391784667969,"z":-62.49873352050781},"rotation":{"x":0.3379305303096771,"y":0.03528229147195816,"z":-0.012678194791078568,"w":0.9404330253601074},"size":5.107395172119141,"orthographic":false}