{"cameraMode":{"drawMode":0,"name":"Shaded","section":"Shading Mode"},"sceneLighting":true,"audioPlay":false,"sceneViewState":{"showFog":true,"showMaterialUpdate":false,"showSkybox":true,"showFlares":true,"showImageEffects":true,"showParticleSystems":true},"in2DMode":false,"pivot":{"x":90.87625122070313,"y":39.8276481628418,"z":-6.0170769691467289},"rotation":{"x":0.35768821835517886,"y":-0.004654574207961559,"z":-0.001256127143278718,"w":-0.9339907169342041},"size":4.04559326171875,"orthographic":false}