{"cameraMode":{"drawMode":0,"name":"Shaded","section":"Shading Mode"},"sceneLighting":true,"audioPlay":false,"sceneViewState":{"showFog":true,"showMaterialUpdate":false,"showSkybox":true,"showFlares":true,"showImageEffects":true,"showParticleSystems":true},"in2DMode":false,"pivot":{"x":-61.4235954284668,"y":80.53873443603516,"z":-30.9952449798584},"rotation":{"x":0.24088940024375916,"y":0.6445708274841309,"z":-0.2250879406929016,"w":0.6898223757743836},"size":5.407395362854004,"orthographic":false}