{"cameraMode":{"drawMode":0,"name":"Shaded","section":"Shading Mode"},"sceneLighting":true,"audioPlay":false,"sceneViewState":{"showFog":true,"showMaterialUpdate":false,"showSkybox":true,"showFlares":true,"showImageEffects":true,"showParticleSystems":true},"in2DMode":false,"pivot":{"x":484.3354187011719,"y":406.5655212402344,"z":18.829505920410158},"rotation":{"x":0.002738536801189184,"y":-0.012303059920668602,"z":0.00015429990889970213,"w":-1.000055193901062},"size":454.3769836425781,"orthographic":false}