{"cameraMode":{"drawMode":0,"name":"Shaded","section":"Shading Mode"},"sceneLighting":true,"audioPlay":false,"sceneViewState":{"showFog":true,"showMaterialUpdate":false,"showSkybox":true,"showFlares":true,"showImageEffects":true,"showParticleSystems":true},"in2DMode":false,"pivot":{"x":-1.179446816444397,"y":12.541175842285157,"z":-1.004520297050476},"rotation":{"x":0.30551278591156008,"y":-0.5037528276443481,"z":0.19604048132896424,"w":0.7841691970825195},"size":23.132871627807618,"orthographic":false}