{"cameraMode":{"drawMode":0,"name":"Shaded","section":"Shading Mode"},"sceneLighting":true,"audioPlay":false,"sceneViewState":{"showFog":true,"showMaterialUpdate":false,"showSkybox":true,"showFlares":true,"showImageEffects":true,"showParticleSystems":true},"in2DMode":false,"pivot":{"x":-18.651695251464845,"y":-618.19287109375,"z":560.5093994140625},"rotation":{"x":-0.4110107719898224,"y":0.01642579957842827,"z":-0.007351946085691452,"w":-0.9115433096885681},"size":887.396728515625,"orthographic":false}