{"cameraMode":{"drawMode":0,"name":"Shaded","section":"Shading Mode"},"sceneLighting":true,"audioPlay":false,"sceneViewState":{"showFog":true,"showMaterialUpdate":false,"showSkybox":true,"showFlares":true,"showImageEffects":true,"showParticleSystems":true},"in2DMode":false,"pivot":{"x":9.726968765258789,"y":26.320104598999025,"z":23.077220916748048},"rotation":{"x":0.08372022211551666,"y":-0.9063332676887512,"z":0.35519659519195559,"w":0.21376369893550874},"size":9.972426414489746,"orthographic":false}